"ID","Event","Comment","Date"
"100","Mini brakes","Dunn","4/2/2018 7:00:00 AM"
"101","Memorial Day","no school","5/28/2018 12:00:00 AM"
"102","PSTweetChat","","5/4/2018 1:00:00 PM"
"103","Lion King","","4/12/2018 2:00:00 PM"
"104","Haircut","","4/16/2018 10:30:00 AM"
"105","Eye checkup","","5/12/2018 9:40:00 AM"
"106","Tire change","van","4/13/2018 2:00:00 PM"
"109","Wine Tasting Party","","11/18/2018 6:00:00 PM"
"110","Cirque de Soleil","","9/19/2018 1:30:00 PM"
"111","Thanksgiving","holiday","11/23/2018 12:00:00 AM"
"112","PSTweetChat","","6/1/2018 1:00:00 PM"
"113","Christmas","holiday","12/25/2018 12:00:00 AM"
"114","Dentist","","12/28/2018 2:00:00 PM"
"115","New Years Eve","","12/31/2018 12:00:00 AM"
"116","New Years Day","holiday","1/1/2018 12:00:00 AM"
"118","BBQ","Dinosaur","3/30/2018 7:00:00 PM"
"119","Christmas","holiday","12/25/2019 12:00:00 AM"
"120","PSSummit","","4/9/2018 9:00:00 AM"
